#Data tag : 19v1 , Norm tag: None
#run:fill,time,ncms,hltpath,delivered(/fb),recorded(/fb)
273158:4915,05/11/16 20:42:35,1279,HLT_QuadJet45_TripleBTagCSV_p087_v1,0.053513704,0.050239488
273302:4919,05/13/16 02:13:38,459,HLT_QuadJet45_TripleBTagCSV_p087_v1,0.017011130,0.016319202
273402:4924,05/14/16 01:49:19,193,HLT_QuadJet45_TripleBTagCSV_p087_v1,0.006960093,0.006584577
273403:4924,05/14/16 03:05:27,53,HLT_QuadJet45_TripleBTagCSV_p087_v1,0.001918050,0.001820959
273404:4924,05/14/16 03:31:50,18,HLT_QuadJet45_TripleBTagCSV_p087_v1,0.000646817,0.000610803
273405:4924,05/14/16 03:42:33,24,HLT_QuadJet45_TripleBTagCSV_p087_v1,0.000859523,0.000799114
273406:4924,05/14/16 03:56:09,112,HLT_QuadJet45_TripleBTagCSV_p087_v1,0.003952616,0.003773872
273408:4924,05/14/16 04:52:04,6,HLT_QuadJet45_TripleBTagCSV_p087_v1,0.000208321,0.000180195
273409:4924,05/14/16 04:56:41,309,HLT_QuadJet45_TripleBTagCSV_p087_v1,0.010508778,0.009442193
273410:4924,05/14/16 06:59:49,90,HLT_QuadJet45_TripleBTagCSV_p087_v1,0.002970413,0.002729405
273411:4924,05/14/16 07:38:50,29,HLT_QuadJet45_TripleBTagCSV_p087_v1,0.000784747,0.000734875
273425:4925,05/14/16 11:17:57,671,HLT_QuadJet45_TripleBTagCSV_p087_v1,0.028098970,0.026716964
273446:4926,05/14/16 20:06:55,33,HLT_QuadJet45_TripleBTagCSV_p087_v1,0.002289446,0.002140646
273447:4926,05/14/16 20:26:09,411,HLT_QuadJet45_TripleBTagCSV_p087_v1,0.027217481,0.025912129
273448:4926,05/14/16 23:11:51,391,HLT_QuadJet45_TripleBTagCSV_p087_v1,0.023818146,0.022661434
273449:4926,05/15/16 01:50:28,208,HLT_QuadJet45_TripleBTagCSV_p087_v1,0.011937811,0.011394742
273450:4926,05/15/16 03:19:37,643,HLT_QuadJet45_TripleBTagCSV_p087_v1,0.033610879,0.032182646
273492:4930,05/16/16 09:07:35,265,HLT_QuadJet45_TripleBTagCSV_p087_v1,0.012673131,0.012131444
273493:4930,05/16/16 10:55:49,230,HLT_QuadJet45_TripleBTagCSV_p087_v1,0.010778562,0.010359205
273494:4930,05/16/16 12:28:40,192,HLT_QuadJet45_TripleBTagCSV_p087_v1,0.008715403,0.008433105
273502:4935,05/16/16 20:00:07,989,HLT_QuadJet45_TripleBTagCSV_p087_v1,0.048600041,0.046801369
273503:4935,05/17/16 02:31:25,598,HLT_QuadJet45_TripleBTagCSV_p087_v1,0.026150667,0.025345338
273554:4942,05/18/16 05:30:44,361,HLT_QuadJet45_TripleBTagCSV_p087_v1,0.027813740,0.026672371
273555:4942,05/18/16 07:55:51,173,HLT_QuadJet45_TripleBTagCSV_p087_v1,0.012560104,0.012154366
273725:4947,05/20/16 02:37:26,2462,HLT_QuadJet45_TripleBTagCSV_p087_v1,0.159980015,0.154652659
273728:4947,05/20/16 19:02:03,100,HLT_QuadJet45_TripleBTagCSV_p087_v1,0.005095678,0.004896774
273730:4947,05/20/16 19:47:25,2121,HLT_QuadJet45_TripleBTagCSV_p087_v1,0.088764388,0.086490173
274094:4953,05/27/16 02:21:04,225,HLT_QuadJet45_TripleBTagCSV_p087_v1,0.010116581,0.009734586
274146:4956,05/27/16 22:11:21,64,HLT_QuadJet45_TripleBTagCSV_p087_v1,0.005393487,0.005119511
274159:4958,05/28/16 14:43:47,43,HLT_QuadJet45_TripleBTagCSV_p087_v1,0.004019981,0.003561326
274160:4958,05/28/16 15:02:52,207,HLT_QuadJet45_TripleBTagCSV_p087_v1,0.017884655,0.017146093
274161:4958,05/28/16 16:26:18,516,HLT_QuadJet45_TripleBTagCSV_p087_v1,0.043671790,0.042175325
274172:4960,05/29/16 00:45:19,65,HLT_QuadJet45_TripleBTagCSV_p087_v1,0.006009688,0.005248557
274198:4961,05/29/16 20:00:35,111,HLT_QuadJet45_TripleBTagCSV_p087_v1,0.011867781,0.010904619
274199:4961,05/29/16 20:45:19,623,HLT_QuadJet45_TripleBTagCSV_p087_v1,0.067596024,0.064926031
274200:4961,05/30/16 00:53:47,674,HLT_QuadJet45_TripleBTagCSV_p087_v1,0.061981765,0.060141469
274240:4964,05/30/16 13:59:19,81,HLT_QuadJet45_TripleBTagCSV_p087_v1,0.010404109,0.009821998
274241:4964,05/30/16 14:43:35,1166,HLT_QuadJet45_TripleBTagCSV_p087_v1,0.129022885,0.124650261
274244:4964,05/30/16 22:37:51,593,HLT_QuadJet45_TripleBTagCSV_p087_v1,0.058214821,0.056348324
274250:4965,05/31/16 05:55:31,701,HLT_QuadJet45_TripleBTagCSV_p087_v1,0.100139506,0.094770694
274251:4965,05/31/16 10:30:54,546,HLT_QuadJet45_TripleBTagCSV_p087_v1,0.067375580,0.065222033
274283:4976,06/01/16 03:25:26,18,HLT_QuadJet45_TripleBTagCSV_p087_v1,0.002906252,0.000349872
274284:4976,06/01/16 03:34:51,208,HLT_QuadJet45_TripleBTagCSV_p087_v1,0.031478754,0.029915777
274286:4976,06/01/16 05:04:18,154,HLT_QuadJet45_TripleBTagCSV_p087_v1,0.022638344,0.021667949
274314:4979,06/01/16 15:02:56,61,HLT_QuadJet45_TripleBTagCSV_p087_v1,0.010583725,0.009513723
274315:4979,06/01/16 15:32:32,423,HLT_QuadJet45_TripleBTagCSV_p087_v1,0.069874333,0.066463689
274316:4979,06/01/16 18:20:25,959,HLT_QuadJet45_TripleBTagCSV_p087_v1,0.134906020,0.130421464
274317:4979,06/02/16 00:39:53,3,HLT_QuadJet45_TripleBTagCSV_p087_v1,0.000385847,0.000301284
274319:4979,06/02/16 00:56:19,225,HLT_QuadJet45_TripleBTagCSV_p087_v1,0.028227875,0.027302058
274335:4980,06/02/16 09:10:43,944,HLT_QuadJet45_TripleBTagCSV_p087_v1,0.149036054,0.142702398
274336:4980,06/02/16 15:25:02,14,HLT_QuadJet45_TripleBTagCSV_p087_v1,0.002006589,0.001741816
274337:4980,06/02/16 15:33:18,15,HLT_QuadJet45_TripleBTagCSV_p087_v1,0.002139556,0.001781505
274338:4980,06/02/16 15:41:22,698,HLT_QuadJet45_TripleBTagCSV_p087_v1,0.094340562,0.088970991
274339:4980,06/02/16 20:15:40,90,HLT_QuadJet45_TripleBTagCSV_p087_v1,0.011255749,0.010806227
274344:4980,06/02/16 21:29:06,627,HLT_QuadJet45_TripleBTagCSV_p087_v1,0.072349026,0.069946655
274345:4980,06/03/16 01:37:46,170,HLT_QuadJet45_TripleBTagCSV_p087_v1,0.018291681,0.017733285
274382:4984,06/03/16 15:37:56,51,HLT_QuadJet45_TripleBTagCSV_p087_v1,0.007980394,0.007428113
274387:4985,06/03/16 19:10:09,352,HLT_QuadJet45_TripleBTagCSV_p087_v1,0.061757161,0.058230925
274388:4985,06/03/16 21:32:38,1820,HLT_QuadJet45_TripleBTagCSV_p087_v1,0.263657760,0.254143128
274420:4988,06/04/16 20:17:21,175,HLT_QuadJet45_TripleBTagCSV_p087_v1,0.029511408,0.028085763
274421:4988,06/04/16 21:28:04,342,HLT_QuadJet45_TripleBTagCSV_p087_v1,0.056165832,0.053901679
274422:4988,06/04/16 23:46:51,2207,HLT_QuadJet45_TripleBTagCSV_p087_v1,0.285808233,0.277137366
274440:4990,06/05/16 19:32:38,402,HLT_QuadJet45_TripleBTagCSV_p087_v1,0.066257852,0.063546059
274441:4990,06/05/16 22:13:06,431,HLT_QuadJet45_TripleBTagCSV_p087_v1,0.066088987,0.063938476
274442:4990,06/06/16 01:05:09,752,HLT_QuadJet45_TripleBTagCSV_p087_v1,0.102312568,0.098981812
274954:5005,06/11/16 09:40:51,20,HLT_QuadJet45_TripleBTagCSV_p087_v2,0.001158411,0.000964180
274955:5005,06/11/16 09:52:07,91,HLT_QuadJet45_TripleBTagCSV_p087_v2,0.005000988,0.004770955
274968:5013,06/11/16 22:51:22,1192,HLT_QuadJet45_TripleBTagCSV_p087_v2,0.202639807,0.193775923
274969:5013,06/12/16 06:41:54,1003,HLT_QuadJet45_TripleBTagCSV_p087_v2,0.135797328,0.126581146
274970:5013,06/12/16 13:12:54,47,HLT_QuadJet45_TripleBTagCSV_p087_v2,0.005693241,0.004298672
274971:5013,06/12/16 13:33:30,905,HLT_QuadJet45_TripleBTagCSV_p087_v2,0.100725655,0.097616536
274998:5017,06/13/16 04:19:54,719,HLT_QuadJet45_TripleBTagCSV_p087_v2,0.119553606,0.113023752
274999:5017,06/13/16 09:04:45,1241,HLT_QuadJet45_TripleBTagCSV_p087_v2,0.168573293,0.162759023
275000:5017,06/13/16 17:15:35,136,HLT_QuadJet45_TripleBTagCSV_p087_v2,0.016331565,0.015808374
275001:5017,06/13/16 18:12:42,2057,HLT_QuadJet45_TripleBTagCSV_p087_v2,0.202940250,0.197660421
275059:5020,06/14/16 16:49:52,37,HLT_QuadJet45_TripleBTagCSV_p087_v2,0.006719889,0.006094489
275066:5020,06/14/16 17:45:35,96,HLT_QuadJet45_TripleBTagCSV_p087_v2,0.019255844,0.018301981
275067:5020,06/14/16 18:28:40,392,HLT_QuadJet45_TripleBTagCSV_p087_v2,0.073740091,0.071046000
275068:5020,06/14/16 21:06:59,915,HLT_QuadJet45_TripleBTagCSV_p087_v2,0.148129204,0.142426185
275073:5020,06/15/16 03:33:57,517,HLT_QuadJet45_TripleBTagCSV_p087_v2,0.070659634,0.068166580
275074:5020,06/15/16 06:58:09,646,HLT_QuadJet45_TripleBTagCSV_p087_v2,0.078401734,0.075957763
275124:5021,06/15/16 17:50:26,325,HLT_QuadJet45_TripleBTagCSV_p087_v2,0.058742280,0.056104012
275125:5021,06/15/16 20:00:21,989,HLT_QuadJet45_TripleBTagCSV_p087_v2,0.155960933,0.149289555
275282:5024,06/17/16 00:06:15,90,HLT_QuadJet45_TripleBTagCSV_p087_v2,0.015571032,0.014753424
275283:5024,06/17/16 00:43:11,132,HLT_QuadJet45_TripleBTagCSV_p087_v2,0.023329905,0.022215008
275284:5024,06/17/16 01:36:53,74,HLT_QuadJet45_TripleBTagCSV_p087_v2,0.012802832,0.012326314
275290:5024,06/17/16 03:58:56,48,HLT_QuadJet45_TripleBTagCSV_p087_v2,0.007625354,0.002653992
275291:5024,06/17/16 04:28:35,347,HLT_QuadJet45_TripleBTagCSV_p087_v2,0.052931322,0.051239143
275292:5024,06/17/16 06:46:47,121,HLT_QuadJet45_TripleBTagCSV_p087_v2,0.016297461,0.015533065
275293:5024,06/17/16 07:37:27,200,HLT_QuadJet45_TripleBTagCSV_p087_v2,0.025785580,0.024911715
275309:5026,06/17/16 13:48:15,563,HLT_QuadJet45_TripleBTagCSV_p087_v2,0.085067987,0.081968832
275310:5026,06/17/16 17:32:53,1929,HLT_QuadJet45_TripleBTagCSV_p087_v2,0.228952183,0.221971321
275311:5026,06/18/16 06:07:07,1253,HLT_QuadJet45_TripleBTagCSV_p087_v2,0.109758789,0.107143490
275319:5027,06/18/16 18:56:15,142,HLT_QuadJet45_TripleBTagCSV_p087_v2,0.025719253,0.024399049
275337:5027,06/18/16 21:26:04,427,HLT_QuadJet45_TripleBTagCSV_p087_v2,0.071143873,0.068318280
275338:5027,06/19/16 00:15:37,520,HLT_QuadJet45_TripleBTagCSV_p087_v2,0.077545789,0.075039556
275344:5028,06/19/16 08:18:25,281,HLT_QuadJet45_TripleBTagCSV_p087_v2,0.052274033,0.050206595
275345:5028,06/19/16 10:12:11,353,HLT_QuadJet45_TripleBTagCSV_p087_v2,0.062030895,0.059317081
275370:5029,06/19/16 16:19:29,285,HLT_QuadJet45_TripleBTagCSV_p087_v2,0.054224575,0.051557454
275371:5029,06/19/16 18:16:49,564,HLT_QuadJet45_TripleBTagCSV_p087_v2,0.098268244,0.094041600
275375:5030,06/20/16 02:17:12,1323,HLT_QuadJet45_TripleBTagCSV_p087_v2,0.213406615,0.205471795
275376:5030,06/20/16 10:55:04,3095,HLT_QuadJet45_TripleBTagCSV_p087_v2,0.331859491,0.323163897
275657:5038,06/24/16 03:33:42,105,HLT_QuadJet45_TripleBTagCSV_p087_v2,0.020167306,0.018470904
275658:5038,06/24/16 04:17:17,337,HLT_QuadJet45_TripleBTagCSV_p087_v2,0.062579841,0.059231597
275659:5038,06/24/16 06:31:38,17,HLT_QuadJet45_TripleBTagCSV_p087_v2,0.003283208,0.003171270
275761:5043,06/25/16 04:25:26,9,HLT_QuadJet45_TripleBTagCSV_p087_v2,0.001902426,0.001667386
275767:5043,06/25/16 05:32:46,4,HLT_QuadJet45_TripleBTagCSV_p087_v2,0.000808111,0.000714022
275772:5043,06/25/16 06:29:27,56,HLT_QuadJet45_TripleBTagCSV_p087_v2,0.010607873,0.010203603
275773:5043,06/25/16 06:53:33,7,HLT_QuadJet45_TripleBTagCSV_p087_v2,0.001323620,0.001181465
275774:5043,06/25/16 07:01:55,312,HLT_QuadJet45_TripleBTagCSV_p087_v2,0.057592111,0.055058509
275776:5043,06/25/16 09:11:23,140,HLT_QuadJet45_TripleBTagCSV_p087_v2,0.024494057,0.023256087
275777:5043,06/25/16 10:12:24,300,HLT_QuadJet45_TripleBTagCSV_p087_v2,0.049898141,0.047914975
275778:5043,06/25/16 12:13:15,305,HLT_QuadJet45_TripleBTagCSV_p087_v2,0.047436821,0.045726822
275782:5043,06/25/16 14:44:49,761,HLT_QuadJet45_TripleBTagCSV_p087_v2,0.103404399,0.099533422
275832:5045,06/26/16 17:18:04,367,HLT_QuadJet45_TripleBTagCSV_p087_v2,0.077465190,0.072628756
275833:5045,06/26/16 19:45:07,248,HLT_QuadJet45_TripleBTagCSV_p087_v2,0.048058353,0.046318904
275834:5045,06/26/16 21:26:02,297,HLT_QuadJet45_TripleBTagCSV_p087_v2,0.053967000,0.051935910
275835:5045,06/26/16 23:24:23,13,HLT_QuadJet45_TripleBTagCSV_p087_v2,0.002270925,0.002069231
275836:5045,06/26/16 23:32:00,1277,HLT_QuadJet45_TripleBTagCSV_p087_v2,0.193464141,0.184634626
275837:5045,06/27/16 07:59:11,715,HLT_QuadJet45_TripleBTagCSV_p087_v2,0.086035796,0.083442436
275847:5045,06/27/16 13:59:22,2263,HLT_QuadJet45_TripleBTagCSV_p087_v2,0.203811336,0.198947362
275886:5048,06/28/16 08:40:35,37,HLT_QuadJet45_TripleBTagCSV_p087_v2,0.008051867,0.007581469
275890:5048,06/28/16 09:27:45,1393,HLT_QuadJet45_TripleBTagCSV_p087_v2,0.244957584,0.235220050
275911:5052,06/29/16 01:49:35,377,HLT_QuadJet45_TripleBTagCSV_p087_v2,0.076433867,0.073191362
275912:5052,06/29/16 04:21:23,289,HLT_QuadJet45_TripleBTagCSV_p087_v2,0.053998992,0.051914263
275913:5052,06/29/16 06:19:55,475,HLT_QuadJet45_TripleBTagCSV_p087_v2,0.080635038,0.076634940
275918:5052,06/29/16 09:29:20,332,HLT_QuadJet45_TripleBTagCSV_p087_v2,0.051478884,0.049710246
275920:5052,06/29/16 11:56:25,459,HLT_QuadJet45_TripleBTagCSV_p087_v2,0.063787866,0.061253100
275921:5052,06/29/16 14:59:30,8,HLT_QuadJet45_TripleBTagCSV_p087_v2,0.001070587,0.001003982
275923:5052,06/29/16 15:17:42,114,HLT_QuadJet45_TripleBTagCSV_p087_v2,0.014932571,0.014500102
275931:5052,06/29/16 16:34:22,85,HLT_QuadJet45_TripleBTagCSV_p087_v2,0.010722057,0.010418108
275963:5056,06/30/16 01:02:54,90,HLT_QuadJet45_TripleBTagCSV_p087_v2,0.020638263,0.019553295
276092:5060,07/01/16 02:14:32,76,HLT_QuadJet45_TripleBTagCSV_p087_v2,0.015781805,0.014768385
276097:5060,07/01/16 03:07:31,507,HLT_QuadJet45_TripleBTagCSV_p087_v2,0.103587053,0.099405228
276242:5069,07/02/16 14:05:34,1644,HLT_QuadJet45_TripleBTagCSV_p087_v2,0.282339145,0.268748623
276243:5069,07/03/16 00:56:20,608,HLT_QuadJet45_TripleBTagCSV_p087_v2,0.082507800,0.077814285
276244:5069,07/03/16 05:04:17,1200,HLT_QuadJet45_TripleBTagCSV_p087_v2,0.137388601,0.132488999
276282:5071,07/03/16 18:15:01,1066,HLT_QuadJet45_TripleBTagCSV_p087_v3,0.214350130,0.205622215
276283:5071,07/04/16 01:14:13,1085,HLT_QuadJet45_TripleBTagCSV_p087_v3,0.173596376,0.166967552
276315:5072,07/04/16 11:19:05,176,HLT_QuadJet45_TripleBTagCSV_p087_v3,0.035947420,0.034051453
276317:5072,07/04/16 12:33:38,136,HLT_QuadJet45_TripleBTagCSV_p087_v3,0.027292859,0.026316937
276318:5072,07/04/16 13:30:33,566,HLT_QuadJet45_TripleBTagCSV_p087_v3,0.101459438,0.097988840
276355:5073,07/04/16 21:39:48,33,HLT_QuadJet45_TripleBTagCSV_p087_v3,0.006473197,0.006205237
276361:5073,07/04/16 22:36:15,824,HLT_QuadJet45_TripleBTagCSV_p087_v3,0.155391613,0.149465198
276363:5073,07/05/16 04:07:36,1478,HLT_QuadJet45_TripleBTagCSV_p087_v3,0.215802839,0.206375699
276384:5073,07/05/16 13:47:06,1116,HLT_QuadJet45_TripleBTagCSV_p087_v3,0.125087741,0.121517289
276437:5076,07/06/16 02:58:47,2125,HLT_QuadJet45_TripleBTagCSV_p087_v3,0.369862336,0.355687547
276454:5076,07/06/16 18:08:15,527,HLT_QuadJet45_TripleBTagCSV_p087_v3,0.065825220,0.063924279
276458:5076,07/07/16 02:00:22,341,HLT_QuadJet45_TripleBTagCSV_p087_v3,0.033947904,0.033169134
276495:5078,07/07/16 11:20:57,182,HLT_QuadJet45_TripleBTagCSV_p087_v3,0.039880756,0.038062164
276501:5078,07/07/16 12:47:40,2543,HLT_QuadJet45_TripleBTagCSV_p087_v3,0.416642440,0.401533293
276502:5078,07/08/16 05:21:18,740,HLT_QuadJet45_TripleBTagCSV_p087_v3,0.088004237,0.085357449
276525:5080,07/08/16 14:15:18,2786,HLT_QuadJet45_TripleBTagCSV_p087_v3,0.416606161,0.402663396
276527:5080,07/09/16 08:34:41,214,HLT_QuadJet45_TripleBTagCSV_p087_v3,0.023128707,0.022408005
276528:5080,07/09/16 10:01:49,391,HLT_QuadJet45_TripleBTagCSV_p087_v3,0.039368913,0.038349578
276542:5083,07/09/16 16:32:22,784,HLT_QuadJet45_TripleBTagCSV_p087_v3,0.156047834,0.148442843
276543:5083,07/09/16 21:39:40,948,HLT_QuadJet45_TripleBTagCSV_p087_v3,0.153680397,0.148143519
276544:5083,07/10/16 03:53:47,160,HLT_QuadJet45_TripleBTagCSV_p087_v3,0.022897845,0.021993585
276545:5083,07/10/16 04:59:24,206,HLT_QuadJet45_TripleBTagCSV_p087_v3,0.027567443,0.026624371
276581:5085,07/10/16 12:24:16,366,HLT_QuadJet45_TripleBTagCSV_p087_v3,0.077140937,0.074062947
276582:5085,07/10/16 14:52:52,871,HLT_QuadJet45_TripleBTagCSV_p087_v3,0.155304172,0.150007109
276583:5085,07/10/16 20:34:28,52,HLT_QuadJet45_TripleBTagCSV_p087_v3,0.008259542,0.007839876
276584:5085,07/10/16 20:59:17,2,HLT_QuadJet45_TripleBTagCSV_p087_v3,0.000316020,0.000172727
276585:5085,07/10/16 21:31:21,242,HLT_QuadJet45_TripleBTagCSV_p087_v3,0.036414536,0.034895921
276586:5085,07/10/16 23:10:31,751,HLT_QuadJet45_TripleBTagCSV_p087_v3,0.100186865,0.096896976
276587:5085,07/11/16 04:23:51,1006,HLT_QuadJet45_TripleBTagCSV_p087_v3,0.111612892,0.107617825
276653:5091,07/12/16 00:13:18,479,HLT_QuadJet45_TripleBTagCSV_p087_v3,0.089363901,0.086119513
276655:5091,07/12/16 03:27:37,1105,HLT_QuadJet45_TripleBTagCSV_p087_v3,0.171220405,0.160842800
276659:5091,07/12/16 10:40:23,251,HLT_QuadJet45_TripleBTagCSV_p087_v3,0.032716845,0.029938739
276775:5093,07/12/16 21:26:20,1165,HLT_QuadJet45_TripleBTagCSV_p087_v3,0.218523083,0.207359209
276776:5093,07/13/16 05:02:29,1823,HLT_QuadJet45_TripleBTagCSV_p087_v3,0.244651861,0.236342423
276794:5093,07/13/16 17:05:19,885,HLT_QuadJet45_TripleBTagCSV_p087_v3,0.089485543,0.087205681
276807:5095,07/14/16 03:24:10,155,HLT_QuadJet45_TripleBTagCSV_p087_v3,0.032275190,0.030442601
276808:5095,07/14/16 04:28:59,875,HLT_QuadJet45_TripleBTagCSV_p087_v3,0.164172640,0.157858192
276810:5095,07/14/16 10:15:44,287,HLT_QuadJet45_TripleBTagCSV_p087_v3,0.046702982,0.044735086
276811:5095,07/14/16 12:15:34,2562,HLT_QuadJet45_TripleBTagCSV_p087_v3,0.311313073,0.301674117
276831:5096,07/15/16 07:47:46,2634,HLT_QuadJet45_TripleBTagCSV_p087_v3,0.416151495,0.400297676
276834:5096,07/16/16 01:42:10,720,HLT_QuadJet45_TripleBTagCSV_p087_v3,0.075595469,0.072599763
276870:5097,07/16/16 11:02:01,3403,HLT_QuadJet45_TripleBTagCSV_p087_v3,0.546600002,0.526586518
276935:5101,07/17/16 23:39:55,824,HLT_QuadJet45_TripleBTagCSV_p087_v3,0.179472817,0.169997852
276940:5102,07/18/16 08:13:36,144,HLT_QuadJet45_TripleBTagCSV_p087_v3,0.033938051,0.028700847
276946:5102,07/18/16 09:56:36,27,HLT_QuadJet45_TripleBTagCSV_p087_v3,0.006168303,0.004252742
276947:5102,07/18/16 10:11:19,132,HLT_QuadJet45_TripleBTagCSV_p087_v3,0.029311504,0.024605931
276948:5102,07/18/16 11:09:47,474,HLT_QuadJet45_TripleBTagCSV_p087_v3,0.095546723,0.085951572
276950:5102,07/18/16 14:16:45,2353,HLT_QuadJet45_TripleBTagCSV_p087_v3,0.337524554,0.323178753
277069:5105,07/19/16 17:52:15,309,HLT_QuadJet45_TripleBTagCSV_p087_v3,0.079058743,0.075526287
277070:5105,07/19/16 19:54:11,1058,HLT_QuadJet45_TripleBTagCSV_p087_v3,0.217533702,0.206495005
277071:5105,07/20/16 02:48:37,171,HLT_QuadJet45_TripleBTagCSV_p087_v3,0.029280449,0.026353951
277072:5105,07/20/16 04:01:41,464,HLT_QuadJet45_TripleBTagCSV_p087_v3,0.071672499,0.069171540
277073:5105,07/20/16 07:09:53,90,HLT_QuadJet45_TripleBTagCSV_p087_v3,0.013151245,0.012749017
277076:5105,07/20/16 07:55:58,1033,HLT_QuadJet45_TripleBTagCSV_p087_v3,0.130960633,0.125929437
277087:5105,07/20/16 17:49:22,988,HLT_QuadJet45_TripleBTagCSV_p087_v3,0.089426735,0.086356665
277094:5106,07/21/16 04:03:56,582,HLT_QuadJet45_TripleBTagCSV_p087_v3,0.136607983,0.131102760
277096:5106,07/21/16 07:56:14,2085,HLT_QuadJet45_TripleBTagCSV_p087_v3,0.333417141,0.320667915
277112:5106,07/21/16 21:30:44,155,HLT_QuadJet45_TripleBTagCSV_p087_v3,0.017975843,0.017339321
277126:5107,07/22/16 01:36:48,18,HLT_QuadJet45_TripleBTagCSV_p087_v3,0.004462246,0.001967387
277127:5107,07/22/16 01:46:10,901,HLT_QuadJet45_TripleBTagCSV_p087_v3,0.191419888,0.184009004
277148:5108,07/22/16 10:31:04,616,HLT_QuadJet45_TripleBTagCSV_p087_v3,0.133973678,0.128191762
277166:5109,07/22/16 18:10:23,354,HLT_QuadJet45_TripleBTagCSV_p087_v3,0.074383408,0.070666494
277168:5109,07/22/16 20:34:53,2220,HLT_QuadJet45_TripleBTagCSV_p087_v3,0.330817796,0.318998365
277180:5110,07/23/16 13:37:57,141,HLT_QuadJet45_TripleBTagCSV_p087_v3,0.033682041,0.031250413
277194:5111,07/23/16 18:25:08,1938,HLT_QuadJet45_TripleBTagCSV_p087_v3,0.386460097,0.367175187
277305:5116,07/25/16 01:23:14,683,HLT_QuadJet45_TripleBTagCSV_p087_v3,0.163032701,0.154261733
277420:5117,07/25/16 19:44:15,261,HLT_QuadJet45_TripleBTagCSV_p087_v3,0.064664571,0.060844242
277981:5151,08/01/16 11:54:09,76,HLT_QuadJet45_TripleBTagCSV_p087_v3,0.005009785,0.004600931
277991:5151,08/01/16 15:45:06,90,HLT_QuadJet45_TripleBTagCSV_p087_v3,0.005296807,0.004753756
277992:5151,08/01/16 16:23:35,311,HLT_QuadJet45_TripleBTagCSV_p087_v3,0.017825108,0.016938487
278017:5154,08/01/16 23:26:43,510,HLT_QuadJet45_TripleBTagCSV_p087_v3,0.131804751,0.124854634
278018:5154,08/02/16 02:52:01,1156,HLT_QuadJet45_TripleBTagCSV_p087_v3,0.224754993,0.214039045
278167:5161,08/03/16 18:39:02,2167,HLT_QuadJet45_TripleBTagCSV_p087_v3,0.328165563,0.314531692
278175:5161,08/04/16 08:44:58,88,HLT_QuadJet45_TripleBTagCSV_p087_v3,0.009277254,0.009044695
278193:5162,08/04/16 12:31:44,155,HLT_QuadJet45_TripleBTagCSV_p087_v3,0.036343379,0.034581051
278239:5163,08/04/16 23:23:01,663,HLT_QuadJet45_TripleBTagCSV_p087_v3,0.141693118,0.133159930
278240:5163,08/05/16 03:46:54,1300,HLT_QuadJet45_TripleBTagCSV_p087_v3,0.205044697,0.196849176
278273:5169,08/05/16 17:37:20,36,HLT_QuadJet45_TripleBTagCSV_p087_v4,0.007176788,0.005851969
278274:5169,08/05/16 17:55:42,84,HLT_QuadJet45_TripleBTagCSV_p087_v4,0.019333202,0.018018315
278288:5170,08/05/16 21:11:12,15,HLT_QuadJet45_TripleBTagCSV_p087_v4,0.003737593,0.002873671
278289:5170,08/05/16 21:18:02,51,HLT_QuadJet45_TripleBTagCSV_p087_v4,0.011211341,0.009452153
278290:5170,08/05/16 21:42:34,11,HLT_QuadJet45_TripleBTagCSV_p087_v4,0.002614349,0.002421569
278308:5173,08/06/16 13:00:39,1740,HLT_QuadJet45_TripleBTagCSV_p087_v4,0.328801989,0.313102201
278310:5173,08/07/16 00:47:36,708,HLT_QuadJet45_TripleBTagCSV_p087_v4,0.091337284,0.088422333
278315:5179,08/07/16 10:56:52,693,HLT_QuadJet45_TripleBTagCSV_p087_v4,0.149634940,0.137449760
278345:5181,08/08/16 00:13:39,746,HLT_QuadJet45_TripleBTagCSV_p087_v4,0.163336493,0.150105573
278346:5181,08/08/16 05:08:15,117,HLT_QuadJet45_TripleBTagCSV_p087_v4,0.022192686,0.021125789
278349:5181,08/08/16 06:27:06,613,HLT_QuadJet45_TripleBTagCSV_p087_v4,0.099110633,0.094737207
278366:5181,08/08/16 10:36:47,453,HLT_QuadJet45_TripleBTagCSV_p087_v4,0.061593323,0.059422848
278406:5183,08/08/16 17:15:50,1597,HLT_QuadJet45_TripleBTagCSV_p087_v4,0.312943142,0.296962079
278509:5187,08/09/16 18:29:15,1467,HLT_QuadJet45_TripleBTagCSV_p087_v4,0.294742006,0.273441766
278769:5197,08/13/16 06:38:56,30,HLT_QuadJet45_TripleBTagCSV_p087_v4,0.007798842,0.007207545
278770:5197,08/13/16 06:54:00,767,HLT_QuadJet45_TripleBTagCSV_p087_v4,0.170946489,0.163785043
278801:5198,08/13/16 14:43:37,38,HLT_QuadJet45_TripleBTagCSV_p087_v4,0.010118393,0.007802784
278802:5198,08/13/16 15:01:05,17,HLT_QuadJet45_TripleBTagCSV_p087_v4,0.004030710,0.001706480
278803:5198,08/13/16 15:10:53,318,HLT_QuadJet45_TripleBTagCSV_p087_v4,0.077296183,0.071465332
278804:5198,08/13/16 17:20:06,4,HLT_QuadJet45_TripleBTagCSV_p087_v4,0.000911347,0.000747049
278805:5198,08/13/16 17:23:57,274,HLT_QuadJet45_TripleBTagCSV_p087_v4,0.059097474,0.055420117
278808:5198,08/13/16 19:25:19,1791,HLT_QuadJet45_TripleBTagCSV_p087_v4,0.280067796,0.269634152
278820:5199,08/14/16 11:00:51,1517,HLT_QuadJet45_TripleBTagCSV_p087_v4,0.298269702,0.286511293
278822:5199,08/14/16 21:52:47,1627,HLT_QuadJet45_TripleBTagCSV_p087_v4,0.197309521,0.191158370
278873:5205,08/15/16 23:25:45,60,HLT_QuadJet45_TripleBTagCSV_p087_v4,0.011252200,0.002011529
278874:5205,08/15/16 23:51:53,477,HLT_QuadJet45_TripleBTagCSV_p087_v4,0.086949604,0.081773427
278875:5205,08/16/16 03:01:20,833,HLT_QuadJet45_TripleBTagCSV_p087_v4,0.120213984,0.114871994
278923:5206,08/16/16 12:16:32,413,HLT_QuadJet45_TripleBTagCSV_p087_v4,0.102909606,0.098543103
278957:5209,08/16/16 21:31:36,149,HLT_QuadJet45_TripleBTagCSV_p087_v4,0.037726034,0.036164159
278962:5210,08/17/16 01:08:31,341,HLT_QuadJet45_TripleBTagCSV_p087_v4,0.081732525,0.075976998
278963:5210,08/17/16 03:24:57,174,HLT_QuadJet45_TripleBTagCSV_p087_v4,0.038538080,0.037047064
278969:5211,08/17/16 07:16:52,1386,HLT_QuadJet45_TripleBTagCSV_p087_v4,0.295325533,0.282491942
278975:5211,08/17/16 16:23:16,848,HLT_QuadJet45_TripleBTagCSV_p087_v4,0.125667472,0.120000479
278976:5211,08/17/16 21:58:16,20,HLT_QuadJet45_TripleBTagCSV_p087_v4,0.002654952,0.002555233
278986:5213,08/18/16 04:02:59,129,HLT_QuadJet45_TripleBTagCSV_p087_v4,0.033648592,0.031547719
279024:5219,08/18/16 22:31:53,301,HLT_QuadJet45_TripleBTagCSV_p087_v4,0.052215806,0.049595682
279029:5219,08/19/16 02:19:40,260,HLT_QuadJet45_TripleBTagCSV_p087_v4,0.040068452,0.038088365
279071:5222,08/19/16 15:40:07,174,HLT_QuadJet45_TripleBTagCSV_p087_v4,0.023486253,0.022581051
279080:5223,08/19/16 22:42:50,157,HLT_QuadJet45_TripleBTagCSV_p087_v4,0.013232074,0.012772790
279115:5229,08/20/16 22:08:09,407,HLT_QuadJet45_TripleBTagCSV_p087_v4,0.087596123,0.084298418
279116:5229,08/21/16 01:36:03,448,HLT_QuadJet45_TripleBTagCSV_p087_v4,0.094459612,0.090639285
279479:5247,08/25/16 04:33:24,105,HLT_QuadJet45_TripleBTagCSV_p087_v4,0.006264020,0.005926779
279588:5251,08/25/16 21:08:11,1160,HLT_QuadJet45_TripleBTagCSV_p087_v4,0.236866958,0.228517080
279653:5253,08/26/16 14:05:52,181,HLT_QuadJet45_TripleBTagCSV_p087_v4,0.045026377,0.043391597
279654:5253,08/26/16 15:21:58,1245,HLT_QuadJet45_TripleBTagCSV_p087_v4,0.248402863,0.240382934
279656:5253,08/26/16 23:49:40,43,HLT_QuadJet45_TripleBTagCSV_p087_v4,0.006732125,0.005683779
279658:5253,08/27/16 01:35:19,712,HLT_QuadJet45_TripleBTagCSV_p087_v4,0.096052473,0.093394296
279667:5254,08/27/16 09:08:23,966,HLT_QuadJet45_TripleBTagCSV_p087_v4,0.215828643,0.208731642
279681:5256,08/27/16 21:57:02,28,HLT_QuadJet45_TripleBTagCSV_p087_v4,0.007254945,0.006669545
279682:5256,08/27/16 22:11:02,33,HLT_QuadJet45_TripleBTagCSV_p087_v4,0.008599451,0.007775813
279683:5256,08/27/16 22:32:16,26,HLT_QuadJet45_TripleBTagCSV_p087_v4,0.006702403,0.006362365
279684:5256,08/27/16 22:46:58,22,HLT_QuadJet45_TripleBTagCSV_p087_v4,0.005548223,0.005302872
279685:5256,08/27/16 23:07:12,208,HLT_QuadJet45_TripleBTagCSV_p087_v4,0.050022136,0.048417316
279691:5257,08/28/16 03:41:26,43,HLT_QuadJet45_TripleBTagCSV_p087_v4,0.010244719,0.009655604
279694:5257,08/28/16 04:03:09,2235,HLT_QuadJet45_TripleBTagCSV_p087_v4,0.418408537,0.406418024
279715:5258,08/28/16 22:01:34,577,HLT_QuadJet45_TripleBTagCSV_p087_v4,0.133151907,0.127780982
279716:5258,08/29/16 02:17:06,1638,HLT_QuadJet45_TripleBTagCSV_p087_v4,0.262761484,0.255981981
279760:5261,08/29/16 20:21:24,655,HLT_QuadJet45_TripleBTagCSV_p087_v4,0.158633956,0.153501772
279766:5261,08/30/16 01:08:36,1689,HLT_QuadJet45_TripleBTagCSV_p087_v4,0.276274004,0.268330897
279767:5261,08/30/16 12:08:03,776,HLT_QuadJet45_TripleBTagCSV_p087_v4,0.091848620,0.089813166
279794:5264,08/30/16 23:41:02,1024,HLT_QuadJet45_TripleBTagCSV_p087_v4,0.229992964,0.223093492
279823:5265,08/31/16 10:00:39,335,HLT_QuadJet45_TripleBTagCSV_p087_v4,0.084378472,0.081827884
279841:5266,08/31/16 15:23:17,2040,HLT_QuadJet45_TripleBTagCSV_p087_v4,0.392674270,0.380358690
279844:5267,09/01/16 07:21:16,224,HLT_QuadJet45_TripleBTagCSV_p087_v4,0.059213232,0.056587893
279887:5270,09/01/16 23:20:52,316,HLT_QuadJet45_TripleBTagCSV_p087_v4,0.076442158,0.073315951
279931:5274,09/02/16 11:37:39,2934,HLT_QuadJet45_TripleBTagCSV_p087_v4,0.489984368,0.475315526
279966:5275,09/03/16 09:20:25,363,HLT_QuadJet45_TripleBTagCSV_p087_v4,0.096966337,0.093010882
279975:5276,09/03/16 14:45:09,1024,HLT_QuadJet45_TripleBTagCSV_p087_v4,0.248024946,0.239010766
279993:5277,09/04/16 00:23:27,72,HLT_QuadJet45_TripleBTagCSV_p087_v4,0.019261839,0.018075211
279994:5277,09/04/16 00:56:48,47,HLT_QuadJet45_TripleBTagCSV_p087_v4,0.013118973,0.012379775
280013:5277,09/04/16 03:35:47,25,HLT_QuadJet45_TripleBTagCSV_p087_v4,0.005868209,0.005635925
280015:5277,09/04/16 03:55:19,572,HLT_QuadJet45_TripleBTagCSV_p087_v4,0.119699571,0.115192202
280016:5277,09/04/16 07:42:16,149,HLT_QuadJet45_TripleBTagCSV_p087_v4,0.027553953,0.026575519
280017:5277,09/04/16 08:45:47,608,HLT_QuadJet45_TripleBTagCSV_p087_v4,0.100894943,0.097988266
280018:5277,09/04/16 12:47:05,1281,HLT_QuadJet45_TripleBTagCSV_p087_v4,0.163305581,0.159034296
280020:5277,09/04/16 21:15:15,45,HLT_QuadJet45_TripleBTagCSV_p087_v4,0.004786650,0.004613517
280024:5277,09/04/16 21:47:39,427,HLT_QuadJet45_TripleBTagCSV_p087_v4,0.042616592,0.041841049
280187:5279,09/05/16 20:24:23,57,HLT_QuadJet45_TripleBTagCSV_p087_v4,0.014645087,0.013218200
280188:5279,09/05/16 20:50:25,245,HLT_QuadJet45_TripleBTagCSV_p087_v4,0.064181141,0.061560219
280191:5279,09/05/16 22:40:17,897,HLT_QuadJet45_TripleBTagCSV_p087_v4,0.185620697,0.178951487
280194:5279,09/06/16 06:00:49,238,HLT_QuadJet45_TripleBTagCSV_p087_v4,0.037793483,0.036665471
280242:5282,09/06/16 15:43:40,625,HLT_QuadJet45_TripleBTagCSV_p087_v4,0.153836094,0.147690348
280249:5282,09/06/16 19:52:07,1432,HLT_QuadJet45_TripleBTagCSV_p087_v4,0.247137665,0.239160039
280251:5282,09/07/16 05:14:58,371,HLT_QuadJet45_TripleBTagCSV_p087_v4,0.048430108,0.047175676
280327:5287,09/08/16 08:23:13,37,HLT_QuadJet45_TripleBTagCSV_p087_v4,0.009545668,0.008719126
280330:5287,09/08/16 08:46:53,857,HLT_QuadJet45_TripleBTagCSV_p087_v4,0.192892595,0.185776360
280349:5287,09/08/16 14:27:22,620,HLT_QuadJet45_TripleBTagCSV_p087_v4,0.107651106,0.104128534
280363:5287,09/08/16 18:47:24,359,HLT_QuadJet45_TripleBTagCSV_p087_v4,0.051706697,0.050013336
280364:5287,09/08/16 21:09:57,1349,HLT_QuadJet45_TripleBTagCSV_p087_v4,0.160879468,0.155268796
280383:5288,09/09/16 08:41:13,2,HLT_QuadJet45_TripleBTagCSV_p087_v4,0.000544509,0.000248004
280384:5288,09/09/16 08:49:12,33,HLT_QuadJet45_TripleBTagCSV_p087_v4,0.008457591,0.007808693
280385:5288,09/09/16 09:11:36,2012,HLT_QuadJet45_TripleBTagCSV_p087_v4,0.378589591,0.364915780
281613:5331,09/25/16 06:03:32,795,HLT_QuadJet45_TripleBTagCSV_p087_v6,0.011393838,0.009764135
281639:5338,09/26/16 07:45:13,132,HLT_QuadJet45_TripleBTagCSV_p087_v6,0.020216006,0.018977255
281641:5338,09/26/16 09:34:34,319,HLT_QuadJet45_TripleBTagCSV_p087_v6,0.040998948,0.039267577
281693:5339,09/26/16 16:57:00,2191,HLT_QuadJet45_TripleBTagCSV_p087_v6,0.388911115,0.376118399
281707:5340,09/27/16 09:47:29,950,HLT_QuadJet45_TripleBTagCSV_p087_v6,0.223776583,0.214550078
281726:5340,09/27/16 16:14:38,288,HLT_QuadJet45_TripleBTagCSV_p087_v6,0.051084319,0.049352584
281727:5340,09/27/16 18:10:03,1605,HLT_QuadJet45_TripleBTagCSV_p087_v6,0.207896387,0.202020172
281797:5345,09/28/16 12:04:48,2052,HLT_QuadJet45_TripleBTagCSV_p087_v6,0.412644376,0.397836480
281975:5351,09/30/16 03:23:12,215,HLT_QuadJet45_TripleBTagCSV_p087_v6,0.058430529,0.053956631
281976:5351,09/30/16 04:48:03,2166,HLT_QuadJet45_TripleBTagCSV_p087_v6,0.353469652,0.340010061
282033:5352,09/30/16 21:30:43,36,HLT_QuadJet45_TripleBTagCSV_p087_v6,0.008952996,0.008255815
282034:5352,09/30/16 21:48:05,33,HLT_QuadJet45_TripleBTagCSV_p087_v6,0.009332413,0.008631466
282035:5352,09/30/16 22:03:01,40,HLT_QuadJet45_TripleBTagCSV_p087_v6,0.010934043,0.009405334
282037:5352,09/30/16 22:24:14,1861,HLT_QuadJet45_TripleBTagCSV_p087_v6,0.345402686,0.331412952
282092:5355,10/02/16 13:49:37,1784,HLT_QuadJet45_TripleBTagCSV_p087_v6,0.306671234,0.296761528
282708:5391,10/09/16 08:39:30,8,HLT_QuadJet45_TripleBTagCSV_p087_v6,0.002498434,0.002118367
282710:5391,10/09/16 08:49:08,3,HLT_QuadJet45_TripleBTagCSV_p087_v6,0.000877110,0.000346458
282712:5391,10/09/16 09:00:13,60,HLT_QuadJet45_TripleBTagCSV_p087_v6,0.017518234,0.016682537
282730:5393,10/09/16 12:41:53,76,HLT_QuadJet45_TripleBTagCSV_p087_v6,0.022277456,0.020382035
282731:5393,10/09/16 13:13:59,172,HLT_QuadJet45_TripleBTagCSV_p087_v6,0.050284581,0.047479405
282732:5393,10/09/16 14:23:16,69,HLT_QuadJet45_TripleBTagCSV_p087_v6,0.018810708,0.018071782
282733:5393,10/09/16 14:52:26,177,HLT_QuadJet45_TripleBTagCSV_p087_v6,0.044847885,0.043147575
282734:5393,10/09/16 16:03:11,327,HLT_QuadJet45_TripleBTagCSV_p087_v6,0.073118677,0.070460004
282735:5393,10/09/16 18:12:39,1819,HLT_QuadJet45_TripleBTagCSV_p087_v6,0.277331067,0.269529474
282800:5394,10/10/16 14:17:15,377,HLT_QuadJet45_TripleBTagCSV_p087_v6,0.097228792,0.093579665
282807:5394,10/10/16 16:48:03,326,HLT_QuadJet45_TripleBTagCSV_p087_v6,0.074464282,0.070562619
282814:5394,10/10/16 18:58:58,1843,HLT_QuadJet45_TripleBTagCSV_p087_v6,0.284967121,0.276224384
282842:5395,10/11/16 10:34:00,80,HLT_QuadJet45_TripleBTagCSV_p087_v6,0.024493132,0.023509444
282917:5401,10/12/16 01:27:07,74,HLT_QuadJet45_TripleBTagCSV_p087_v6,0.018897093,0.017965019
282918:5401,10/12/16 02:00:22,51,HLT_QuadJet45_TripleBTagCSV_p087_v6,0.013436091,0.012877857
282919:5401,10/12/16 02:23:36,243,HLT_QuadJet45_TripleBTagCSV_p087_v6,0.059354126,0.057230809
282922:5401,10/12/16 05:09:33,131,HLT_QuadJet45_TripleBTagCSV_p087_v6,0.027364406,0.025520575
282923:5401,10/12/16 06:04:20,219,HLT_QuadJet45_TripleBTagCSV_p087_v6,0.042498848,0.040480206
283042:5405,10/12/16 22:38:59,6,HLT_QuadJet45_TripleBTagCSV_p087_v6,0.001601212,0.001419220
283043:5405,10/12/16 22:44:16,517,HLT_QuadJet45_TripleBTagCSV_p087_v6,0.121912995,0.116699469
283049:5406,10/13/16 05:05:17,12,HLT_QuadJet45_TripleBTagCSV_p087_v6,0.003893137,0.003132360
283050:5406,10/13/16 05:13:23,212,HLT_QuadJet45_TripleBTagCSV_p087_v6,0.062034816,0.057939220
283052:5406,10/13/16 06:45:19,111,HLT_QuadJet45_TripleBTagCSV_p087_v6,0.030192633,0.028777008
283059:5406,10/13/16 08:00:56,450,HLT_QuadJet45_TripleBTagCSV_p087_v6,0.102980078,0.098777845
283270:5416,10/14/16 18:39:48,1833,HLT_QuadJet45_TripleBTagCSV_p087_v6,0.394492218,0.381443762
283283:5416,10/15/16 06:37:08,1744,HLT_QuadJet45_TripleBTagCSV_p087_v6,0.202358247,0.197444169
283305:5418,10/15/16 21:41:13,7,HLT_QuadJet45_TripleBTagCSV_p087_v6,0.002150284,0.001390519
283306:5418,10/15/16 21:46:57,289,HLT_QuadJet45_TripleBTagCSV_p087_v6,0.080245548,0.076859027
283307:5418,10/15/16 23:43:44,454,HLT_QuadJet45_TripleBTagCSV_p087_v6,0.104747886,0.100279861
283308:5418,10/16/16 02:46:26,945,HLT_QuadJet45_TripleBTagCSV_p087_v6,0.166548423,0.160330325
283353:5421,10/16/16 19:55:17,743,HLT_QuadJet45_TripleBTagCSV_p087_v6,0.198012480,0.191087631
283358:5421,10/17/16 00:50:19,980,HLT_QuadJet45_TripleBTagCSV_p087_v6,0.181386036,0.172284538
283359:5421,10/17/16 07:15:19,428,HLT_QuadJet45_TripleBTagCSV_p087_v6,0.062279356,0.060804581
283407:5423,10/17/16 21:54:07,33,HLT_QuadJet45_TripleBTagCSV_p087_v6,0.010928019,0.009814026
283408:5423,10/17/16 22:10:43,2344,HLT_QuadJet45_TripleBTagCSV_p087_v6,0.473086560,0.457018851
283416:5423,10/18/16 15:16:09,195,HLT_QuadJet45_TripleBTagCSV_p087_v6,0.022238605,0.021628329
283453:5424,10/18/16 19:07:49,455,HLT_QuadJet45_TripleBTagCSV_p087_v6,0.128643084,0.123278367
283469:5426,10/19/16 01:09:36,1,HLT_QuadJet45_TripleBTagCSV_p087_v6,0.000333933,0.000031237
283478:5427,10/19/16 04:13:19,874,HLT_QuadJet45_TripleBTagCSV_p087_v6,0.218374176,0.210230132
283548:5433,10/19/16 22:58:39,144,HLT_QuadJet45_TripleBTagCSV_p087_v6,0.027351074,0.026451260
283680:5437,10/21/16 03:17:51,81,HLT_QuadJet45_TripleBTagCSV_p087_v6,0.019704505,0.018937476
283681:5437,10/21/16 03:56:07,17,HLT_QuadJet45_TripleBTagCSV_p087_v6,0.004014517,0.003813224
283682:5437,10/21/16 04:08:38,384,HLT_QuadJet45_TripleBTagCSV_p087_v6,0.082551061,0.080063190
283685:5437,10/21/16 06:40:48,314,HLT_QuadJet45_TripleBTagCSV_p087_v6,0.021533450,0.020432303
283820:5439,10/21/16 20:48:18,1482,HLT_QuadJet45_TripleBTagCSV_p087_v6,0.267780170,0.259057765
283830:5439,10/22/16 06:27:24,722,HLT_QuadJet45_TripleBTagCSV_p087_v6,0.105118210,0.102254915
283834:5439,10/22/16 11:11:28,81,HLT_QuadJet45_TripleBTagCSV_p087_v6,0.010257279,0.009009585
283835:5439,10/22/16 11:45:28,111,HLT_QuadJet45_TripleBTagCSV_p087_v6,0.012980169,0.011312989
283865:5441,10/22/16 17:30:09,1177,HLT_QuadJet45_TripleBTagCSV_p087_v6,0.273498408,0.264403139
283876:5442,10/23/16 03:38:50,657,HLT_QuadJet45_TripleBTagCSV_p087_v6,0.170093670,0.163762580
283877:5442,10/23/16 07:59:53,1496,HLT_QuadJet45_TripleBTagCSV_p087_v6,0.253599756,0.245684056
283884:5443,10/23/16 23:44:05,404,HLT_QuadJet45_TripleBTagCSV_p087_v6,0.106663897,0.101925204
283885:5443,10/24/16 02:25:30,1723,HLT_QuadJet45_TripleBTagCSV_p087_v6,0.298906868,0.290452170
283933:5446,10/24/16 18:32:31,145,HLT_QuadJet45_TripleBTagCSV_p087_v6,0.042253313,0.040330644
283934:5446,10/24/16 19:33:15,1258,HLT_QuadJet45_TripleBTagCSV_p087_v6,0.279757027,0.269462782
283946:5448,10/25/16 07:30:41,1377,HLT_QuadJet45_TripleBTagCSV_p087_v6,0.311777626,0.300188317
283964:5448,10/25/16 16:29:30,388,HLT_QuadJet45_TripleBTagCSV_p087_v6,0.060551019,0.058697973
284006:5450,10/26/16 01:53:26,318,HLT_QuadJet45_TripleBTagCSV_p087_v6,0.059728267,0.057690297
284014:5450,10/26/16 03:59:16,266,HLT_QuadJet45_TripleBTagCSV_p087_v6,0.049125751,0.047826033
284025:5451,10/26/16 08:56:43,48,HLT_QuadJet45_TripleBTagCSV_p087_v6,0.012617985,0.012192595
284029:5451,10/26/16 09:19:00,112,HLT_QuadJet45_TripleBTagCSV_p087_v6,0.031774694,0.029940883
284035:5451,10/26/16 10:04:52,360,HLT_QuadJet45_TripleBTagCSV_p087_v6,0.090600430,0.087614552
284036:5451,10/26/16 12:28:09,346,HLT_QuadJet45_TripleBTagCSV_p087_v6,0.074789602,0.071719298
284037:5451,10/26/16 14:48:03,340,HLT_QuadJet45_TripleBTagCSV_p087_v6,0.064361638,0.062387614
284038:5451,10/26/16 17:02:16,55,HLT_QuadJet45_TripleBTagCSV_p087_v6,0.009705896,0.009103984
284039:5451,10/26/16 17:27:02,30,HLT_QuadJet45_TripleBTagCSV_p087_v6,0.005198005,0.004797112
284040:5451,10/26/16 17:42:18,33,HLT_QuadJet45_TripleBTagCSV_p087_v6,0.005652544,0.005446855
284041:5451,10/26/16 17:59:11,44,HLT_QuadJet45_TripleBTagCSV_p087_v6,0.007222186,0.006812088
284042:5451,10/26/16 18:23:53,129,HLT_QuadJet45_TripleBTagCSV_p087_v6,0.020592253,0.019699817
284043:5451,10/26/16 19:17:23,220,HLT_QuadJet45_TripleBTagCSV_p087_v6,0.032452211,0.031711873
284044:5451,10/26/16 20:46:05,30,HLT_QuadJet45_TripleBTagCSV_p087_v6,0.004372172,0.004286645
#Summary:
#hltpath,nfill,nrun,ncms,totdelivered(/fb),totrecorded(/fb)
#HLT_QuadJet45_TripleBTagCSV_p087_v1,23,65,29176,2.811097866,2.696962891
#HLT_QuadJet45_TripleBTagCSV_p087_v2,19,72,38302,5.431501600,5.211190881
#HLT_QuadJet45_TripleBTagCSV_p087_v3,29,77,62598,10.126028066,9.693462857
#HLT_QuadJet45_TripleBTagCSV_p087_v4,41,92,54253,10.042607529,9.626979991
#HLT_QuadJet45_TripleBTagCSV_p087_v6,32,86,47447,8.985408549,8.650628380
#
#Sum delivered  : 37.396643610
#Sum recorded : 35.879225000
#Check JSON:
#(run,ls) in json but not in results: []
